"","team","seed","score","point_diff","result","W","L","W_L_ratio","SRS","SOS","TM_pt","OPPO_pt","PT_Ratio","Poss","True_S","AdjEM","AdjO","AdjD","AdjT","luck"
"1","Albany (NY)",13,57,-27,0,23,10,0.697,-1.6,-4.75,2241,2147,1.04378202142524,NA,0.55,NA,NA,NA,NA,NA
"2","Arizona",8,63,-9,0,20,11,0.645,16.24,10.76,2417,2247,1.07565643079662,NA,0.57,18.97,115.2,96.2,70.6,-0.008
"3","Arkansas",12,60,-17,0,21,14,0.6,13.77,8.75,2487,2311,1.07615750757248,NA,0.551,16.3,105.8,89.5,69.2,-0.022
"4","Belmont",15,55,-25,0,23,10,0.697,-0.39,-4.71,2390,2128,1.12312030075188,NA,0.565,4.23,102.5,98.2,68.2,0.023
"5","Boston College",7,84,9,1,21,12,0.636,13.76,9.21,2453,2303,1.0651324359531,NA,0.573,15.79,112.8,97,67,0.026
"6","Butler",5,57,11,1,29,7,0.806,14.34,3.94,2434,2056,1.18385214007782,NA,0.569,20.93,113.1,92.2,61,0.015
"7","BYU",8,77,-2,0,NA,NA,NA,NA,NA,NA,NA,NA,NA,NA,15.85,112.2,96.4,69.9,0.002
"8","Central Connecticut",16,57,-21,0,NA,NA,NA,NA,NA,NA,NA,NA,NA,NA,-2.28,99.4,101.7,66.7,0.061
"9","Creighton",10,71,-6,0,22,11,0.667,12.57,6.24,2220,2011,1.10392839383391,NA,0.555,18.2,110,91.8,64.7,-0.023
"10","Davidson",13,70,-12,0,29,5,0.853,8.31,-2.26,2765,2336,1.18364726027397,NA,0.559,13.04,107.6,94.6,74.2,0.067
"11","Duke",6,77,-2,0,22,11,0.667,18.85,10.49,2323,2047,1.13483146067416,NA,0.557,22.76,108.2,85.5,67.6,-0.073
"12","Eastern Kentucky",16,65,-21,0,21,12,0.636,-4.19,-5.28,2151,2089,1.02967927237913,NA,0.561,-2.49,98.4,100.8,64.2,0.077
"13","Florida",1,112,43,1,35,5,0.875,23.82,7.34,3193,2504,1.27515974440895,NA,0.618,30.18,118.5,88.4,68.3,0.029
"14","George Washington",11,44,-33,0,23,9,0.719,5.61,0.64,2247,2067,1.08708272859216,NA,0.538,7.11,100.7,93.5,69,0.09
"15","Georgetown",2,80,25,1,30,7,0.811,19.62,9.48,2555,2146,1.190587138863,NA,0.596,27.75,116.9,89.2,62.3,0.008
"16","Georgia Tech",10,63,-4,0,20,12,0.625,17.17,9.36,2515,2222,1.13186318631863,NA,0.567,19.19,112.7,93.5,70.2,-0.066
"17","Gonzaga",10,57,-13,0,23,11,0.676,12.15,3.77,2668,2383,1.11959714645405,NA,0.582,15,110.1,95.1,70.3,-0.032
"18","Holy Cross",13,51,-10,0,25,9,0.735,3.32,-3.06,2171,1954,1.11105424769703,NA,0.537,7.19,98.4,91.2,65.1,0.026
"19","Illinois",12,52,-2,0,23,12,0.657,14.18,7.09,2245,1997,1.12418627941913,NA,0.521,17.18,102.5,85.4,64.7,-0.016
"20","Indiana",7,70,13,1,21,11,0.656,16.78,8.35,2246,1976,1.13663967611336,NA,0.55,21.16,111.1,89.9,66.7,-0.058
"21","Jackson State",16,69,-43,0,21,14,0.6,-12.28,-9.94,2490,2572,0.968118195956454,NA,0.505,NA,NA,NA,NA,NA
"22","Kansas",1,107,40,1,33,5,0.868,22.62,6.86,2978,2344,1.27047781569966,NA,0.567,27.18,110.7,83.5,71.1,0.032
"23","Kentucky",8,67,9,1,22,12,0.647,17.12,11.41,2496,2302,1.08427454387489,NA,0.568,21.29,112.1,90.8,68.8,-0.029
"24","Long Beach State",12,86,-35,0,24,8,0.75,2.24,-2.07,2575,2408,1.06935215946844,NA,0.554,NA,NA,NA,NA,NA
"25","Louisville",6,78,20,1,24,10,0.706,16.08,7.69,2433,2144,1.1347947761194,NA,0.531,19.89,109.4,89.5,67,-0.045
"26","Marquette",8,49,-12,0,24,10,0.706,14.14,6.95,2443,2207,1.10693248753965,NA,0.526,16.76,107.2,90.4,69.7,0.009
"27","Maryland",4,82,12,1,25,9,0.735,19.06,7.59,2685,2295,1.16993464052288,NA,0.558,21.98,108.2,86.3,73.8,-0.027
"28","Memphis",2,73,15,1,33,4,0.892,19.72,3.91,2918,2333,1.25075010715817,NA,0.54,24.17,110.8,86.6,71.2,0.031
"29","Miami (OH)",14,56,-2,0,18,15,0.545,4.81,2.78,1962,1895,1.0353562005277,NA,0.545,NA,NA,NA,NA,NA
"30","Michigan State",9,61,12,1,23,12,0.657,16.3,8.45,2276,2001,1.13743128435782,NA,0.559,NA,NA,NA,NA,NA
"31","Nevada",7,77,6,1,29,5,0.853,10.58,1.09,2632,2296,1.14634146341463,NA,0.582,15.84,113.1,97.2,68.4,0.03
"32","New Mexico State",13,67,-12,0,25,9,0.735,5.04,0.01,2652,2462,1.07717303005686,NA,0.564,NA,NA,NA,NA,NA
"33","Niagara",16,67,-40,0,23,12,0.657,-3.41,-4.7,2654,2609,1.01724798773476,NA,0.527,-2.77,102.6,105.3,71.7,0.119
"34","North Texas",15,58,-15,0,23,11,0.676,-3.11,-6.59,2617,2420,1.08140495867769,NA,0.541,-0.99,98.1,99.1,71.9,0.034
"35","Notre Dame",6,64,-10,0,24,8,0.75,16.94,4.97,2592,2176,1.19117647058824,NA,0.575,19.62,113.9,94.3,72.6,-0.018
"36","Ohio State",1,78,21,1,35,4,0.897,21.54,9.03,2905,2417,1.20190318576748,NA,0.568,NA,NA,NA,NA,NA
"37","Old Dominion",12,46,-11,0,24,9,0.727,7.83,0.44,2290,2046,1.11925708699902,NA,0.534,12.44,103.8,91.3,67.7,0.014
"38","Oral Roberts",14,54,-16,0,23,11,0.676,4.54,-1.04,2440,2206,1.10607434270172,NA,0.565,8.18,102.7,94.5,68.7,-0.007
"39","Oregon",3,58,2,1,29,8,0.784,15.95,6.3,2807,2450,1.14571428571429,NA,0.57,20.32,114,93.7,67.8,0.032
"40","Penn",14,52,-16,0,NA,NA,NA,NA,NA,NA,NA,NA,NA,NA,7.46,105,97.5,70.5,0.048
"41","Pitt",3,79,21,1,NA,NA,NA,NA,NA,NA,NA,NA,NA,NA,NA,NA,NA,NA,NA
"42","Purdue",9,72,9,1,22,12,0.647,14.65,8.89,2376,2154,1.10306406685237,NA,0.549,17.96,106.2,88.3,68.7,0.002
"43","Southern Illinois",4,61,10,1,29,7,0.806,13.59,7.53,2266,2023,1.12011863568957,NA,0.551,20.64,105.5,84.9,63.3,0.017
"44","Stanford",11,58,-20,0,18,13,0.581,11.16,9.06,2156,2081,1.03604036520903,NA,0.53,12.08,104.7,92.7,68.2,0.028
"45","Tennessee",5,121,35,1,24,11,0.686,14.97,9.15,2831,2627,1.07765511990864,NA,0.548,17.99,112.2,94.2,73.5,0.034
"46","Texas",4,79,12,1,25,10,0.714,15.6,6.12,2860,2528,1.13132911392405,NA,0.557,18.85,114.6,95.8,70.4,-0.008
"47","Texas A&M",3,68,16,1,27,7,0.794,21.27,5.13,2570,2021,1.27164769915883,NA,0.589,26.33,114.5,88.1,65.8,-0.046
"48","Texas A&M-Corpus Christi",15,63,-13,0,26,7,0.788,3.07,-4.8,2615,2302,1.1359687228497,NA,0.608,NA,NA,NA,NA,NA
"49","Texas Tech",10,75,-9,0,21,13,0.618,9.71,7.16,2437,2349,1.03746275010643,NA,0.552,10.67,107.6,96.9,67.4,0.058
"50","UCLA",2,70,28,1,30,6,0.833,20.9,9.84,2503,2081,1.20278712157617,NA,0.563,26.52,111,84.4,66.1,0.019
"51","UNC",1,86,21,1,NA,NA,NA,NA,NA,NA,NA,NA,NA,NA,NA,NA,NA,NA,NA
"52","UNLV",7,67,4,1,NA,NA,NA,NA,NA,NA,NA,NA,NA,NA,16.49,108,91.5,68.1,0.098
"53","USC",5,77,17,1,NA,NA,NA,NA,NA,NA,NA,NA,NA,NA,16.45,107,90.5,69.1,0.017
"54","Vanderbilt",6,77,33,1,22,12,0.647,12.76,7.79,2594,2387,1.08671973188102,NA,0.567,15.86,110.5,94.7,69.3,0.008
"55","VCU",11,79,2,1,NA,NA,NA,NA,NA,NA,NA,NA,NA,NA,14.1,111.7,97.6,67.9,0.003
"56","Villanova",9,58,-9,0,22,11,0.667,16.13,9.16,2392,2132,1.1219512195122,NA,0.546,19.72,108.3,88.6,68.9,-0.036
"57","Virginia",4,84,27,1,21,11,0.656,12.89,7.96,2463,2267,1.08645787384208,NA,0.552,15.08,108.8,93.7,71.6,0.007
"58","Virginia Tech",5,54,2,1,22,12,0.647,14.35,8.26,2428,2181,1.11325080238423,NA,0.54,17.02,108.2,91.1,66.5,-0.004
"59","Washington State",3,70,16,1,26,8,0.765,13.33,6,2273,2024,1.12302371541502,NA,0.552,NA,NA,NA,NA,NA
"60","Weber State",15,42,-28,0,20,12,0.625,-4.03,-3.33,2266,2214,1.02348690153568,NA,0.577,NA,NA,NA,NA,NA
"61","Winthrop",11,74,10,1,29,5,0.853,9.17,-1.2,2545,2088,1.21886973180077,NA,0.564,14.37,107.5,93.1,66.8,0.055
"62","Wisconsin",2,76,13,1,30,6,0.833,19.28,6.95,2527,2083,1.21315410465675,NA,0.552,24.88,110.7,85.9,65.9,0.034
"63","Wright State",14,58,-21,0,23,10,0.697,1.94,-0.31,2125,2051,1.03607996099464,NA,0.527,NA,NA,NA,NA,NA
"64","Xavier",9,79,2,1,25,9,0.735,14.18,3.39,2595,2228,1.16472172351885,NA,0.593,17.85,112.8,95,68.3,-0.047
